Title,Price,Bedrooms,Location,URL
ago1brBuffalo,"$1,250",1br,<1hr ago1brBuffalo,https://buffalo.craigslist.org/apa/d/buffalo-all-utilities-1br-richmond-ave/7885335595.html
ny,"$1,500",2br,<1hr ago2brHamburg ny,https://buffalo.craigslist.org/apa/d/athol-springs-all-utilities-2br-patio/7885335414.html
ago2brTonawanda,"$1,385",2br,1h ago2brTonawanda,https://buffalo.craigslist.org/apa/d/tonawanda-huge-bed-apt-with-amenities/7885319551.html
NY,"$1,214",2br,"1h ago2br1710 Calumet Ave, Niagara Falls, NY",https://buffalo.craigslist.org/apa/d/niagara-falls-2bd-15ba-air-conditioner/7882740911.html
ago1brBuffalo,"$1,250",1br,3h ago1brBuffalo,https://buffalo.craigslist.org/apa/d/buffalo-all-utilities-1br-richmond-ave/7885283603.html
NY,"$1,145",3br,"3h ago3br224 Niagara St, Buffalo, NY",https://buffalo.craigslist.org/apa/d/buffalo-bd-located-in-buffalo-fully/7885281954.html
ago1brAmherst,"$1,149",1br,3h ago1brAmherst,https://buffalo.craigslist.org/apa/d/north-tonawanda-bed-apt-with-amenities/7885281395.html
ago2brAmherst,"$1,585",2br,3h ago2brAmherst,https://buffalo.craigslist.org/apa/d/buffalo-bed-apartment-with-amenities-in/7885278283.html
District,"$1,150",1br,4h ago1brDelaware District,https://buffalo.craigslist.org/apa/d/buffalo-gorgeous-bed-available-at-the/7876413319.html
DT,"$1,635",2br,5h ago2brHeart of Elmwood Village- Close to Area Colleges + DT,https://buffalo.craigslist.org/apa/d/buffalo-victorian-charm-at-the-windsor/7878776829.html
DT!,"$2,025",2br,5h ago2brDelaware Ave District-Close to Medical Campus and DT!,https://buffalo.craigslist.org/apa/d/buffalo-terrific-views-from-the/7879062887.html
ago3br,"$1,100",3br,5h ago3br,https://buffalo.craigslist.org/apa/d/niagara-falls-three-bedroom-one/7885244806.html
NY,"$1,300",2br,"6h ago2brDerby, Evans NY",https://buffalo.craigslist.org/apa/d/derby-all-utilities-except-elec-2br/7885224573.html
ago2brAmherst,"$1,363",2br,7h ago2brAmherst,https://buffalo.craigslist.org/apa/d/buffalo-pet-friendly/7885216591.html
DT!,"$1,695",1br,8h ago1brMain St District-Close to Medical Campus and DT!,https://buffalo.craigslist.org/apa/d/buffalo-unique-1br-apartment-available/7876961395.html
DT,"$1,635",2br,8h ago2brElmwood Village..-Close to BNMC and DT,https://buffalo.craigslist.org/apa/d/buffalo-victorian-charm-at-the-windsor/7883293641.html
NY,$995,2br,8h ago2brLocport NY,https://buffalo.craigslist.org/apa/d/lockport-2br-lockport-all-utilities/7885201226.html
NY,"$1,500",2br,8h ago2brHamburg NY,https://buffalo.craigslist.org/apa/d/athol-springs-all-utilities-2br-patio/7885201558.html
ago1brLackawanna,"$1,100",1br,8h ago1brLackawanna,https://buffalo.craigslist.org/apa/d/buffalo-all-utilities-1br-south-park-ave/7885201500.html
9/302brAmherst,"$1,395",2br,9/302brAmherst,https://buffalo.craigslist.org/apa/d/buffalo-bedroom-upper-apt-with-outdoor/7880694070.html
NY,"$1,407",3br,"9/303br3100 9th St, Niagara Falls, NY",https://buffalo.craigslist.org/apa/d/niagara-falls-nearby-damelio-park-fully/7882703674.html
NY,"$1,145",3br,"9/303br224 Niagara St, Buffalo, NY",https://buffalo.craigslist.org/apa/d/buffalo-located-in-buffalo-3bd-2ba/7883836577.html
9/293br,"$1,800",3br,9/293br,https://buffalo.craigslist.org/apa/d/hamburg-walking-distance-to-main-st-in/7885148916.html
2,"$1,200",2br,9/292br183 Wabash Ave FLOOR 2,https://buffalo.craigslist.org/apa/d/buffalo-wonderful-bedroom-bathroom/7885116887.html
NY,"$1,407",3br,"9/293br3100 9th St, Niagara Falls, NY",https://buffalo.craigslist.org/apa/d/niagara-falls-3bd-15ba-spacious-closets/7880518716.html
DT,"$1,219",2br,"9/292brGrant Street Corridor-Near Buff St, Elmwood Village & DT",https://buffalo.craigslist.org/apa/d/buffalo-huge-bedroom-at-lafayette/7879210623.html
DT!,"$2,025",2br,9/292brDelaware District-Close to Medical Campus and DT!,https://buffalo.craigslist.org/apa/d/buffalo-great-views-at-the-delaware-2/7883671609.html
9/292brBuffalo,$800,2br,9/292brBuffalo,https://buffalo.craigslist.org/apa/d/buffalo-rear-lower-apartment-bedroom-in/7885090463.html
Rock,"$1,700",2br,9/292brBlack Rock,https://buffalo.craigslist.org/apa/d/buffalo-25-bedroom-house-for-rent-fully/7885085748.html
9/292brAmherst,"$1,730",2br,9/292brAmherst,https://buffalo.craigslist.org/apa/d/buffalo-updated-bedroom-senior/7885084796.html
9/293brDepew,"$1,595",3br,9/293brDepew,https://buffalo.craigslist.org/apa/d/depew-bd-15-ba-garage-parking-and-walk/7880547159.html
9/292brDepew,"$1,080",2br,9/292brDepew,https://buffalo.craigslist.org/apa/d/depew-bedroom-in-depew-first-floor/7883646656.html
Ny,"$1,495",2br,9/292brWilliamsville Ny,https://buffalo.craigslist.org/apa/d/buffalo-beautiful-apartment-near-maple/7885055749.html
9/294br,"$1,800",4br,9/294br,https://buffalo.craigslist.org/apa/d/buffalo-br-15-ba-house-for-rent-in-town/7885057668.html
NY,"$1,407",3br,"9/293br3100 9th St, Niagara Falls, NY",https://buffalo.craigslist.org/apa/d/niagara-falls-on-site-playgrounds-patios/7885024321.html
NY,"$1,407",3br,"9/293br3100 9th St, Niagara Falls, NY",https://buffalo.craigslist.org/apa/d/niagara-falls-spacious-closets-carpeted/7884294150.html
9/292brBuffalo,"$1,200",2br,9/292brBuffalo,https://buffalo.craigslist.org/apa/d/buffalo-upper-available-month/7874373091.html
Seneca,$850,1br,9/291brWest Seneca,https://buffalo.craigslist.org/apa/d/buffalo-upper-rear-apartment-imediately/7881205082.html
9/292brCheektowaga,"$1,110",2br,9/292brCheektowaga,https://buffalo.craigslist.org/apa/d/buffalo-55-community-with-resort-style/7881613325.html
Falls,$945,2br,9/292brNiagara Falls,https://buffalo.craigslist.org/apa/d/niagara-falls-spacious-bedroom/7884994784.html
NY,"$1,575",2br,9/292brAmherst NY,https://buffalo.craigslist.org/apa/d/buffalo-beautiful-town-house-on-denrose/7884996481.html
NY,"$1,214",2br,"9/292br1710 Calumet Ave, Niagara Falls, NY",https://buffalo.craigslist.org/apa/d/niagara-falls-patio-or-balcony-air/7884984389.html
DT!,"$1,635",2br,9/292brDelaware Ave District-Close to Medical Campus and DT!,https://buffalo.craigslist.org/apa/d/buffalo-victorian-charm-at-the-windsor/7880188354.html
DT!,"$2,315",2br,9/292brDelaware District-Close to Medical Campus and DT!,https://buffalo.craigslist.org/apa/d/buffalo-unique-25-multi-level-loft-unit/7878465759.html
DT!,"$1,830",1br,9/291brMain St District-Close to Medical Campus and DT!,https://buffalo.craigslist.org/apa/d/buffalo-unique-bedroom-at-nickle-city/7879918896.html
St,"$1,200",3br,9/293brLandon St,https://buffalo.craigslist.org/apa/d/buffalo-bedroom-lower-convenient/7875691699.html
Falls,$850,1br,9/291brNiagara Falls,https://buffalo.craigslist.org/apa/d/niagara-falls-850-1br-best-bedroom/7884973716.html
Village,"$1,050",1br,9/291brHamburg Village,https://buffalo.craigslist.org/apa/d/hamburg-very-nice-bedroom-201-main-st/7884135801.html
DT!,"$1,635",2br,9/292brDelaware District-Close to Medical Campus and DT!,https://buffalo.craigslist.org/apa/d/buffalo-victorian-charm-at-the-windsor/7884970783.html
buffalo,"$1,400",4br,9/294brSouth buffalo,https://buffalo.craigslist.org/apa/d/buffalo-whole-house/7884956240.html
9/292brTonawanda,"$1,295",2br,9/292brTonawanda,https://buffalo.craigslist.org/apa/d/buffalo-bed-apt-with-amenities-on/7884949946.html
9/293brTonawanda,"$1,335",3br,9/293brTonawanda,https://buffalo.craigslist.org/apa/d/buffalo-updated-duplex-with-driveway-in/7884948770.html
9/291brBuffalo,"$1,200",1br,9/291brBuffalo,https://buffalo.craigslist.org/apa/d/buffalo-cozy-1bed-on-hertel-ave/7884379632.html
9/292brBuffalo,"$1,300",2br,9/292brBuffalo,https://buffalo.craigslist.org/apa/d/buffalo-beautiful-bedroom-bathroom/7884939588.html
9/282brBuffalo,"$1,300",2br,9/282brBuffalo,https://buffalo.craigslist.org/apa/d/buffalo-upper-available-month/7884869993.html
Lewiston,"$2,000",1br,9/281brVillage of Lewiston,https://buffalo.craigslist.org/apa/d/lewiston-sweet-historic-3bdrm-home/7880756869.html
9/283br,"$1,500",3br,9/283br,https://buffalo.craigslist.org/apa/d/buffalo-blum-lower/7884825461.html
NY,"$1,600",2br,"9/282brBuffalo, NY",https://buffalo.craigslist.org/apa/d/buffalo-newly-renovated-bedroom/7878218985.html
9/282brBuffalo,$900,2br,9/282brBuffalo,https://buffalo.craigslist.org/apa/d/buffalo-apt-2nd-fl-for-rent/7884769669.html
9/283brHertel,"$1,650",3br,9/283brHertel,https://buffalo.craigslist.org/apa/d/buffalo-hertel-area-bedroom-bath-off/7884765509.html
9/281brLockport,"$1,100",1br,9/281brLockport,https://buffalo.craigslist.org/apa/d/lockport-one-bedroom-apartment/7882237459.html
ago1brBuffalo,"$1,250",1br,<1hr ago1brBuffalo,https://buffalo.craigslist.org/apa/d/buffalo-all-utilities-1br-delaware-ave/7885335547.html
ago2brTonawanda,"$1,295",2br,<1hr ago2brTonawanda,https://buffalo.craigslist.org/apa/d/buffalo-bed-apt-with-amenities-on/7885321195.html
ago3brTonawanda,"$1,335",3br,1h ago3brTonawanda,https://buffalo.craigslist.org/apa/d/buffalo-updated-duplex-with-driveway-in/7885318144.html
ago3br,"$1,800",3br,2h ago3br,https://buffalo.craigslist.org/apa/d/buffalo-43-park-ave-floor-buffalo-ny/7885312778.html
RD,$995,2br,3h ago2br6347 Robinson RD,https://buffalo.craigslist.org/apa/d/2br-all-utilities-except-electric/7885283671.html
District,"$1,500",2br,3h ago2brDelaware District,https://buffalo.craigslist.org/apa/d/buffalo-gorgeous-bed-apartment-on/7885285386.html
ago2brAmherst,"$1,430",2br,3h ago2brAmherst,https://buffalo.craigslist.org/apa/d/buffalo-2nd-month-free-special-on-huge/7885277475.html
ago2brAmherst,"$1,730",2br,3h ago2brAmherst,https://buffalo.craigslist.org/apa/d/buffalo-senior-apartment-available-now/7885276290.html
Richmond,"$1,350",2br,5h ago2br626 Richmond,https://buffalo.craigslist.org/apa/d/buffalo-elmwood-village/7875375227.html
DT!,"$1,695",1br,5h ago1brMain St District-Close to Medical Campus and DT!,https://buffalo.craigslist.org/apa/d/buffalo-unique-loft-apts-available/7883668786.html
St....,"$1,485",2br,5h ago2brHeart of Village of Williamsville! Steps to Main St....,https://buffalo.craigslist.org/apa/d/buffalo-wonderful-views-at-glen-park/7883295121.html
NY,"$1,228",2br,"5h ago2br3100 9th St, Niagara Falls, NY",https://buffalo.craigslist.org/apa/d/niagara-falls-bd-washer-dryer-hookup/7885235900.html
NY,"$1,214",2br,"6h ago2br1710 Calumet Ave, Niagara Falls, NY",https://buffalo.craigslist.org/apa/d/niagara-falls-bd-laundry-suites/7885221908.html
NY,"$1,407",3br,"6h ago3br3100 9th St, Niagara Falls, NY",https://buffalo.craigslist.org/apa/d/niagara-falls-community-laundry-suites/7885226147.html
NY,"$1,407",3br,"7h ago3br3100 9th St, Niagara Falls, NY",https://buffalo.craigslist.org/apa/d/niagara-falls-bd-15-ba-professional-on/7885211369.html
ago1brEllicottville,"$1,200",1br,7h ago1brEllicottville,https://buffalo.craigslist.org/apa/d/ellicottville-bed-bath-newly-built/7885211179.html
DT!,"$1,199",2br,8h ago2brDelaware District-Close to Medical Campus and DT!,https://buffalo.craigslist.org/apa/d/buffalo-terrific-bedroom-available-now/7876963039.html
NY,"$1,228",2br,"8h ago2br3100 9th St, Niagara Falls, NY",https://buffalo.craigslist.org/apa/d/niagara-falls-washer-dryer-hookup-close/7883640032.html
Houirly,$1,,8h agoðŸŒŸFlat Rates-Not Houirly,https://buffalo.craigslist.org/apa/d/buffalo-for-rent-absolute-best/7882898776.html
ago1brBuffalo,"$1,250",1br,8h ago1brBuffalo,https://buffalo.craigslist.org/apa/d/buffalo-all-utilities-1br-delaware-ave/7885201528.html
ago3brBuffalo,"$1,300",3br,8h ago3brBuffalo,https://buffalo.craigslist.org/apa/d/buffalo-3bdrm-bathroom-apt-for-rent/7885201020.html
NY,"$1,214",2br,"9/302br1710 Calumet Ave, Niagara Falls, NY",https://buffalo.craigslist.org/apa/d/niagara-falls-2bd-15ba-spacious-closets/7883804290.html
NY,"$1,228",2br,"9/302br3100 9th St, Niagara Falls, NY",https://buffalo.craigslist.org/apa/d/niagara-falls-bd-walking-distance-to/7884172024.html
NY,"$1,407",3br,"9/293br3100 9th St, Niagara Falls, NY",https://buffalo.craigslist.org/apa/d/niagara-falls-on-site-playgrounds-bd-in/7883622861.html
NY,$900,2br,"9/292brBuffalo, NY",https://buffalo.craigslist.org/apa/d/buffalo-160-hagen-street-lower-two/7881727228.html
9/293br,"$2,150",3br,9/293br,https://buffalo.craigslist.org/apa/d/east-aurora-village-of-east-aurora-one/7879212348.html
DT,"$1,144",1br,9/291brHeart of Elmwood Village- Close to Area Colleges + DT,https://buffalo.craigslist.org/apa/d/buffalo-cozy-bedroom-now-available-on/7880469733.html
DT!,"$1,695",1br,9/291brDelaware District-Close to Medical Campus and DT!,https://buffalo.craigslist.org/apa/d/buffalo-unique-bedroom-at-nickle-city/7881611872.html
DT,"$1,635",2br,9/292brHeart of Elmwood Village- Close to Area Colleges + DT,https://buffalo.craigslist.org/apa/d/buffalo-victorian-charm-at-the-windsor/7878532733.html
9/292brTonawanda,"$1,385",2br,9/292brTonawanda,https://buffalo.craigslist.org/apa/d/tonawanda-huge-bed-apt-with-amenities/7885087919.html
9/292brAmherst,"$1,585",2br,9/292brAmherst,https://buffalo.craigslist.org/apa/d/buffalo-bed-apartment-with-amenities-in/7885086111.html
9/291brLancaster,"$1,065",1br,9/291brLancaster,https://buffalo.craigslist.org/apa/d/depew-bedroom-first-floor-unit-in-the/7880037988.html
9/29Kenmore,$915,,9/29Kenmore,https://buffalo.craigslist.org/apa/d/buffalo-studio-apartment-in-kenmore/7880298675.html
9/291br,"$1,350",1br,9/291br,https://buffalo.craigslist.org/apa/d/buffalo-all-new-construction-charming/7885073476.html
9/291brAmherst,"$1,136",1br,9/291brAmherst,https://buffalo.craigslist.org/apa/d/buffalo-laundry-facilities/7885065168.html
9/293brAMHERST,"$1,600",3br,9/293brAMHERST,https://buffalo.craigslist.org/apa/d/north-tonawanda-ub-north-sweethome/7885052256.html
9/291brWilliamsville,"$1,100",1br,9/291brWilliamsville,https://buffalo.craigslist.org/apa/d/buffalo-nice-lower-bedroom-apartment/7885058031.html
NY,"$1,200",1br,9/291brAmherst NY,https://buffalo.craigslist.org/apa/d/buffalo-beautiful-apartment-off-of/7885048089.html
9/292brAmherst,"$1,363",2br,9/292brAmherst,https://buffalo.craigslist.org/apa/d/buffalo-pets-welcome-incredible/7885018472.html
9/292brbuffalo,"$1,350",2br,9/292brbuffalo,https://buffalo.craigslist.org/apa/d/buffalo-north-buffalo-parkside/7874373810.html
Village,"$1,150",2br,9/292brElmwood Village,https://buffalo.craigslist.org/apa/d/buffalo-elmwood-village-close-to-buff/7874374418.html
Village,"$1,300",2br,9/292brElmwood Village,https://buffalo.craigslist.org/apa/d/buffalo-two-bedroom-apartment-for-rent/7882681356.html
9/292brBuffalo,$900,2br,9/292brBuffalo,https://buffalo.craigslist.org/apa/d/buffalo-beautiful-bedroom-apt/7885006894.html
Falls,$999,1br,9/291brNiagara Falls,https://buffalo.craigslist.org/apa/d/niagara-falls-1br-spacious-bed-apt-with/7884984555.html
Falls,$875,,9/29Niagara Falls,https://buffalo.craigslist.org/apa/d/niagara-falls-875-studio-apt-ideally/7884988557.html
DT!,"$2,025",2br,9/292brDelaware Ave District-Close to Medical Campus and DT!,https://buffalo.craigslist.org/apa/d/buffalo-terrific-views-from-the/7880190797.html
DT,$950,,9/29Heart of Elmwood Village- Close to Area Colleges + DT,https://buffalo.craigslist.org/apa/d/buffalo-cozy-studio-at-ashland-apts/7876968459.html
DT,"$1,144",1br,9/291brHeart of Elmwood Village- Close to Area Colleges + DT,https://buffalo.craigslist.org/apa/d/buffalo-terrific-1br-available-now-on/7876496951.html
9/292br,"$1,385",2br,9/292br,https://buffalo.craigslist.org/apa/d/buffalo-remodeled-bedroom-apartment/7884980388.html
NY,"$1,214",2br,"9/292br1710 Calumet Ave, Niagara Falls, NY",https://buffalo.craigslist.org/apa/d/niagara-falls-bd-15-ba-air-conditioner/7884971056.html
NY,"$1,214",2br,"9/292br1710 Calumet Ave, Niagara Falls, NY",https://buffalo.craigslist.org/apa/d/niagara-falls-24-hr-on-call-maintenance/7884463749.html
seneca,"$1,950",4br,9/294brWest seneca,https://buffalo.craigslist.org/apa/d/buffalo-hair-salon-for-rent-2000sq-ft/7883244961.html
9/292brBuffalo,"$1,500",2br,9/292brBuffalo,https://buffalo.craigslist.org/apa/d/buffalo-beautiful-bedroom-bathroom/7884135813.html
St....,"$1,625",2br,9/292brHeart of Village of Williamsville! Steps to Main St....,https://buffalo.craigslist.org/apa/d/buffalo-wonderful-view-at-glen-park/7884968333.html
Hertel,"$1,500",3br,9/293brBuffalo / Hertel,https://buffalo.craigslist.org/apa/d/buffalo-gem-with-parking-spacious/7880546812.html
9/292brTonawanda,"$1,385",2br,9/292brTonawanda,https://buffalo.craigslist.org/apa/d/tonawanda-huge-bed-apt-with-amenities/7884950471.html
NY,"$1,228",2br,"9/292br3100 9th St, Niagara Falls, NY",https://buffalo.craigslist.org/apa/d/niagara-falls-on-site-playgrounds/7884313984.html
9/292brBuffalo,"$1,700",2br,9/292brBuffalo,https://buffalo.craigslist.org/apa/d/buffalo-lovely-2bed-in-the-theatre/7883661159.html
9/291brBuffalo,"$1,199",1br,9/291brBuffalo,https://buffalo.craigslist.org/apa/d/buffalo-1bed-1bath-close-to-elmwood-and/7879018767.html
Seneca,"$1,300",2br,9/292brWest Seneca,https://buffalo.craigslist.org/apa/d/buffalo-west-seneca-arbor-meadows-br/7884939568.html
NY,"$1,645",1br,"9/291br224 Niagara St, Buffalo, NY",https://buffalo.craigslist.org/apa/d/buffalo-fully-applianced-kitchens/7884314595.html
9/281br,"$1,200",1br,9/281br,https://buffalo.craigslist.org/apa/d/angola-42-main-st-unit/7884864396.html
Ave,"$1,020",2br,9/282br316 Potomac Ave,https://buffalo.craigslist.org/apa/d/buffalo-2br-ft2-bedroom-bathroom/7883655334.html
9/282brBuffalo,"$1,000",2br,9/282brBuffalo,https://buffalo.craigslist.org/apa/d/buffalo-upper-available-month/7883656252.html
village,"$1,100",1br,9/281brElmwood village,https://buffalo.craigslist.org/apa/d/buffalo-bedroom-apartment-in-elmwood/7878219849.html
9/282brTonawanda/Amherst,"$1,600",2br,9/282brTonawanda/Amherst,https://buffalo.craigslist.org/apa/d/tonawanda-apartment-bedroom-lower/7878219831.html
Kenmore,"$1,250",2br,9/282brVillage of Kenmore,https://buffalo.craigslist.org/apa/d/buffalo-large-bedroom-upper-apt/7881533080.html
9/281brDepew,"$1,000",1br,9/281brDepew,https://buffalo.craigslist.org/apa/d/depew-bedroom-and-studio-apartments/7883780296.html
9/282brBuffalo,$850,2br,9/282brBuffalo,https://buffalo.craigslist.org/apa/d/buffalo-beautiful-two-bedroom-one/7884746404.html
Lovejoy,"$1,600",2br,9/282brBuffalo Lovejoy,https://buffalo.craigslist.org/apa/d/buffalo-bedroom-apartment/7882236813.html
Ave,"$1,250",1br,<1hr ago1brHuntington Ave,https://buffalo.craigslist.org/apa/d/buffalo-all-utilities-1br-huntington-ave/7885335489.html
NY,"$1,214",2br,"1h ago2br1710 Calumet Ave, Niagara Falls, NY",https://buffalo.craigslist.org/apa/d/niagara-falls-bd-located-in-niagara/7885310215.html
ago2brTonawanda,"$1,380",2br,1h ago2brTonawanda,https://buffalo.craigslist.org/apa/d/buffalo-bed-apt-with-balcony-in-amherst/7885314600.html
ago1brBuffalo,"$1,250",1br,3h ago1brBuffalo,https://buffalo.craigslist.org/apa/d/buffalo-all-utilities-1br-huntington-ave/7885283532.html
NY,"$1,500",2br,3h ago2brHamburg NY,https://buffalo.craigslist.org/apa/d/athol-springs-all-utilities-2br-hamburg/7885283443.html
ago1br,"$1,250",1br,3h ago1br,https://buffalo.craigslist.org/apa/d/buffalo-all-utilities-delaware-ave/7885283775.html
NY,"$1,645",1br,"3h ago1br224 Niagara St, Buffalo, NY",https://buffalo.craigslist.org/apa/d/buffalo-electric-car-charging-station/7885276293.html
Falls,"$1,000",3br,3h ago3brNiagara Falls,https://buffalo.craigslist.org/apa/d/niagara-falls-bedroom-house-for-rent/7877151471.html
District,"$1,300",1br,4h ago1brDelaware District,https://buffalo.craigslist.org/apa/d/buffalo-charming-carriage-house-bedroom/7885268490.html
ago2brTonawanda,"$1,380",2br,5h ago2brTonawanda,https://buffalo.craigslist.org/apa/d/buffalo-bed-apt-with-balcony-in-amherst/7885250029.html
ago2brTonawanda,"$1,385",2br,5h ago2brTonawanda,https://buffalo.craigslist.org/apa/d/tonawanda-huge-bed-apt-with-amenities/7885247254.html
DT!,"$1,199",2br,5h ago2brDelaware Ave District-Close to Medical Campus and DT!,https://buffalo.craigslist.org/apa/d/buffalo-cozy-bed-apartments-available/7880021843.html
ago2brTonawanda,"$1,295",2br,5h ago2brTonawanda,https://buffalo.craigslist.org/apa/d/buffalo-bed-apt-with-amenities-on/7885246556.html
NY,"$1,214",2br,"6h ago2br1710 Calumet Ave, Niagara Falls, NY",https://buffalo.craigslist.org/apa/d/niagara-falls-carpeted-living-area-and/7881732817.html
NY,"$1,283",2br,"6h ago2br224 Niagara St, Buffalo, NY",https://buffalo.craigslist.org/apa/d/buffalo-in-buffalo-ny-2b-1b-community/7885224535.html
ago2brBuffalo,"$1,050",2br,6h ago2brBuffalo,https://buffalo.craigslist.org/apa/d/buffalo-bedroom-one-bath-near-kenmore/7885228501.html
NY,"$1,214",2br,"7h ago2br1710 Calumet Ave, Niagara Falls, NY",https://buffalo.craigslist.org/apa/d/niagara-falls-24-hr-on-call-maintenance/7885207988.html
DT,"$2,025",2br,8h ago2brElmwood Village..-Close to BNMC and DT,https://buffalo.craigslist.org/apa/d/buffalo-terrific-views-at-the-delaware/7883292106.html
St....,"$1,625",2br,8h ago2brHeart of Village of Williamsville! Steps to Main St....,https://buffalo.craigslist.org/apa/d/buffalo-great-views-from-glen-park/7875413579.html
Ave,"$1,250",1br,8h ago1brHuntington Ave,https://buffalo.craigslist.org/apa/d/buffalo-all-utilities-1br-huntington-ave/7885201611.html
ago1brBuffalo,"$1,250",1br,8h ago1brBuffalo,https://buffalo.craigslist.org/apa/d/buffalo-all-utilities-1br-richmond-ave/7885201309.html
Buffalo,$800,1br,8h ago1brNorth Buffalo,https://buffalo.craigslist.org/apa/d/buffalo-apartment-share-800-includes/7885200858.html
9/302brAmherst,"$1,395",2br,9/302brAmherst,https://buffalo.craigslist.org/apa/d/buffalo-bedroom-lower-apt-with-outdoor/7880676079.html
NY,$659,4br,"9/304br1710 Calumet Ave, Niagara Falls, NY",https://buffalo.craigslist.org/apa/d/niagara-falls-washer-dryer-hookup/7882142048.html
NY,"$1,214",2br,"9/292br1710 Calumet Ave, Niagara Falls, NY",https://buffalo.craigslist.org/apa/d/niagara-falls-air-conditioner-2bd-15ba/7884309505.html
NY,"$1,214",2br,"9/292br1710 Calumet Ave, Niagara Falls, NY",https://buffalo.craigslist.org/apa/d/niagara-falls-bd-air-conditioner/7884336857.html
NY,"$1,413",3br,"9/293br224 Niagara St, Buffalo, NY",https://buffalo.craigslist.org/apa/d/buffalo-bed-fully-applianced-kitchens/7885091050.html
DT!,"$2,315",2br,9/292brDelaware District-Close to Medical Campus and DT!,https://buffalo.craigslist.org/apa/d/buffalo-unique-25-multi-level-loft-unit/7878698308.html
DT!,"$1,199",2br,9/292brDelaware District-Close to Medical Campus and DT!,https://buffalo.craigslist.org/apa/d/buffalo-cozy-bedroom-available-on-west/7875407396.html
9/292brTonawanda,"$1,295",2br,9/292brTonawanda,https://buffalo.craigslist.org/apa/d/buffalo-bed-apt-with-amenities-on/7885089131.html
9/292brWilliamsville,"$1,395",2br,9/292brWilliamsville,https://buffalo.craigslist.org/apa/d/buffalo-move-in-special-modern-bd-heat/7881716986.html
9/292brAmherst,"$1,430",2br,9/292brAmherst,https://buffalo.craigslist.org/apa/d/buffalo-2nd-month-free-special-on-huge/7885085696.html
9/292brCheektowaga,"$1,320",2br,9/292brCheektowaga,https://buffalo.craigslist.org/apa/d/buffalo-spacious-bd-apartment-heat/7884142411.html
NY,"$1,228",2br,"9/292br3100 9th St, Niagara Falls, NY",https://buffalo.craigslist.org/apa/d/niagara-falls-spacious-closets-fully/7885062902.html
9/292br,"$1,500",2br,9/292br,https://buffalo.craigslist.org/apa/d/buffalo-the-holland-house/7885070105.html
9/291br,"$1,295",1br,9/291br,https://buffalo.craigslist.org/apa/d/buffalo-charming-bed-bath-unit-on/7885059376.html
9/291brBuffalo,"$1,300",1br,9/291brBuffalo,https://buffalo.craigslist.org/apa/d/buffalo-be-1st-in-new-br-apt-deck-in/7885041437.html
NY,"$1,283",2br,"9/292br224 Niagara St, Buffalo, NY",https://buffalo.craigslist.org/apa/d/buffalo-fully-applianced-kitchens-patio/7885027250.html
NY,"$1,645",1br,"9/291br224 Niagara St, Buffalo, NY",https://buffalo.craigslist.org/apa/d/buffalo-electric-car-charging-station/7885007574.html
9/292brWilliamsville,"$1,295",2br,9/292brWilliamsville,https://buffalo.craigslist.org/apa/d/buffalo-move-in-special-bd-ba-apartment/7874373778.html
NY,"$1,250",1br,"9/291brBuffalo, NY",https://buffalo.craigslist.org/apa/d/buffalo-all-utilities-delaware-ave/7879938614.html
Buffalo,"$2,000",2br,9/292brPark Meadow/North Buffalo,https://buffalo.craigslist.org/apa/d/buffalo-furnished-2br-office-apt-off/7878387962.html
9/292brAmherst,"$1,363",2br,9/292brAmherst,https://buffalo.craigslist.org/apa/d/buffalo-playground-incredible-amenities/7885005252.html
Falls,"$1,025",2br,9/292brNiagara Falls,https://buffalo.craigslist.org/apa/d/niagara-falls-2br-beautiful-bedroom/7884997666.html
Falls,$999,2br,9/292brNiagara Falls,https://buffalo.craigslist.org/apa/d/niagara-falls-999-2br-spacious-bedroom/7884986506.html
Falls,$955,2br,9/292brNiagara Falls,https://buffalo.craigslist.org/apa/d/niagara-falls-955-2br-spacious-bedroom/7884982905.html
Williamsville,"$1,625",2br,9/292brHeart of Village of Williamsville,https://buffalo.craigslist.org/apa/d/buffalo-wonderful-views-at-glen-park/7880184035.html
Colleges-DT,"$1,210",1br,"9/291brDelaware Avenue District, Close to Area Colleges-DT",https://buffalo.craigslist.org/apa/d/buffalo-terrific-bedroom-on-lexington/7875408690.html
DT,"$1,199",2br,9/292brDelaware District- Close to Area Colleges + DT,https://buffalo.craigslist.org/apa/d/buffalo-cozy-bedrooms-on-west-ferry/7881607459.html
9/292brAmherst,"$1,380",2br,9/292brAmherst,https://buffalo.craigslist.org/apa/d/buffalo-bed-apt-with-balcony-in-amherst/7884976402.html
DT!,"$2,025",2br,9/292brDelaware District-Close to Medical Campus and DT!,https://buffalo.craigslist.org/apa/d/buffalo-terrific-views-from-the/7884973028.html
ny,"$1,050",1br,"9/291brbuffalo, ny",https://buffalo.craigslist.org/apa/d/buffalo-large-bed-room-in-elmwood/7884130992.html
9/29Depew,"$1,000",,9/29Depew,https://buffalo.craigslist.org/apa/d/depew-bedroom-and-studio-apartments/7884135814.html
NY,"$1,407",3br,"9/293br3100 9th St, Niagara Falls, NY",https://buffalo.craigslist.org/apa/d/niagara-falls-washer-dryer-hookup-24-hr/7884959178.html
NY,"$1,214",2br,"9/292br1710 Calumet Ave, Niagara Falls, NY",https://buffalo.craigslist.org/apa/d/niagara-falls-close-to-public/7884955489.html
9/291brBuffalo,$825,1br,9/291brBuffalo,https://buffalo.craigslist.org/apa/d/buffalo-one-bedroom-plus-office-storage/7884951032.html
9/292brTonawanda,"$1,285",2br,9/292brTonawanda,https://buffalo.craigslist.org/apa/d/buffalo-townhouse-with-garage-for-rent/7884949391.html
9/292brBuffalo,"$1,325",2br,9/292brBuffalo,https://buffalo.craigslist.org/apa/d/buffalo-2bed-gorgeous-view-of-elmwood/7883655470.html
9/291brBuffalo,"$1,095",1br,9/291brBuffalo,https://buffalo.craigslist.org/apa/d/buffalo-elmwood-avenue-1bed/7884381902.html
9/292brCheektowaga,"$1,075",2br,9/292brCheektowaga,https://buffalo.craigslist.org/apa/d/buffalo-apartment-for-rent/7884937962.html
9/282brBuffalo,"$1,300",2br,9/282brBuffalo,https://buffalo.craigslist.org/apa/d/buffalo-beautiful-bedroom-bathroom/7884870000.html
9/28Depew,$970,,9/28Depew,https://buffalo.craigslist.org/apa/d/depew-bedroom-and-studio-apartments/7883655351.html
Seneca,"$1,100",2br,9/282brWest Seneca,https://buffalo.craigslist.org/apa/d/buffalo-west-seneca-arbor-meadows-br/7883657132.html
9/282brBuffalo,$990,2br,9/282brBuffalo,https://buffalo.craigslist.org/apa/d/buffalo-beautiful-bedroom-bathroom/7883657146.html
Lovejoy,"$1,600",2br,9/282brBuffalo Lovejoy,https://buffalo.craigslist.org/apa/d/buffalo-bedroom-apartment/7876454372.html
9/283br,"$1,675",3br,9/283br,https://buffalo.craigslist.org/apa/d/buffalo-welcome-to-this-beautifully/7884783180.html
9/281brLOCKPORT,$925,1br,9/281brLOCKPORT,https://buffalo.craigslist.org/apa/d/lockport-charming-1br-1bath-2nd-floor/7884759450.html
Side,"$1,000",1br,9/281brBuffalo West Side,https://buffalo.craigslist.org/apa/d/buffalo-second-floor-one-bedroom/7883780183.html
Seneca,$850,1br,9/281brWest Seneca,https://buffalo.craigslist.org/apa/d/buffalo-upper-rear-apartment-imediately/7882234348.html
