address,price,bedrooms,area,url
128 Pearl Street,"$1,475–$2,325","1–2 Bedrooms Apartments · Central Business District, Buffalo",,https://www.padmapper.com/buildings/p1385653/apartments-at-128-pearl-st-buffalo-ny-14202
Wood and Brooks Lofts,"$1,595–$2,200","1–2 Bedrooms Apartments · Riverside Park, Buffalo",,https://www.padmapper.com/buildings/p1238897/wood-and-brooks-lofts-apartments-at-2075-kenmore-ave-buffalo-ny-14207
The Residences at Linwood Manor,"$1,150","Studio Apartment · Delaware - West Ferry, Buffalo",,https://www.padmapper.com/buildings/p1126416/the-residences-at-linwood-manor-apartments-at-330-linwood-ave-buffalo-ny-14209
210 Ellicott St #304,"$2,250","2 Bedrooms · 2 Bathrooms Apartment · Central Business District, Buffalo",,https://www.padmapper.com/rentals/12910508p/2-bedroom-2-bath-apartment-at-210-ellicott-st-buffalo-ny-14203
Colvin View Apartments,"$1,225","2 Bedrooms Apartment · North Park, Buffalo",,https://www.padmapper.com/buildings/p1168892/colvin-view-apartments-at-575-colvin-ave-buffalo-ny-14216
Griffin House Apartments,"$1,175–$1,630","1–2 Bedrooms Apartments · Parkside, Buffalo",,https://www.padmapper.com/buildings/p1126417/griffin-house-apartments-at-215-humboldt-pkwy-buffalo-ny-14208
2 Niagara Falls Blvd,"$3,548","4 Bedrooms · 1 Bathroom Apartment · University, Buffalo",,https://www.padmapper.com/rentals/62459107/4-bedroom-1-bath-apartment-at-2-niagara-falls-blvd-buffalo-ny-14214
116 Bidwell Parkway,"$1,250","1 Bedroom · 1 Bathroom Apartment · Forest, Buffalo",,https://www.padmapper.com/rentals/62567404/1-bedroom-1-bath-apartment-at-116-bidwell-parkway-buffalo-ny-14222
312 Summer Street #1,"$6,000","5 Bedrooms · 3 Bathrooms Apartment · Bryant, Buffalo",,https://www.padmapper.com/rentals/16518894p/5-bedroom-3-bath-apartment-at-312-summer-street-buffalo-ny-14222
499 Franklin Street ##4,"$2,375","1 Bedroom · 1 Bathroom Apartment · Allen, Buffalo",,https://www.padmapper.com/rentals/26182814p/1-bedroom-1-bath-apartment-at-499-franklin-street-buffalo-ny-14202
499 Franklin Street #1,"$2,815","1 Bedroom · 1 Bathroom Apartment · Allen, Buffalo",,https://www.padmapper.com/rentals/26142633p/1-bedroom-1-bath-apartment-at-499-franklin-street-buffalo-ny-14202
567 Delaware Avenue ##3,"$1,330","1 Bedroom · 1 Bathroom Apartment · Allen, Buffalo",,https://www.padmapper.com/rentals/26143161p/1-bedroom-1-bath-apartment-at-567-delaware-avenue-buffalo-ny-14202
298 Main St #2X2,"$2,300","2 Bedrooms · 2 Bathrooms Apartment · Central Business District, Buffalo",,https://www.padmapper.com/rentals/26385007p/2-bedroom-2-bath-apartment-at-298-main-st-buffalo-ny-14202
3 Dewitt Street,"$950–$1,000","2 Bedrooms Apartments · Grant Ferry, Buffalo",,https://www.padmapper.com/buildings/p888265/apartments-at-3-dewitt-st-buffalo-ny-14213
The Goodyear Mansion & Residences,"$1,350–$1,850","Studio–1 Bedroom Apartments · Bryant, Buffalo",,https://www.padmapper.com/buildings/p1038104/the-goodyear-mansion-residences-apartments-at-888-delaware-ave-buffalo-ny-14209
The Glenny - 251 Main St.,"$1,560","1 Bedroom Apartment · Central Business District, Buffalo",,https://www.padmapper.com/buildings/p49476/the-glenny-251-main-st-apartments-at-251-main-st-buffalo-ny-14203
Amherst Gardens,"$1,323–$1,438","2 Bedrooms Apartments · Starin Central, Buffalo",,https://www.padmapper.com/buildings/p280646/amherst-gardens-apartments-at-86-e-amherst-st-buffalo-ny-14214
Barcalo Living,"$1,535–$3,070","1–3 Bedrooms Apartments · First Ward, Buffalo",,https://www.padmapper.com/buildings/p868588/barcalo-living-apartments-at-225-louisiana-st-buffalo-ny-14204
133 Elmwood Avenue,"$1,250","2 Bedrooms Apartment · Allen, Buffalo",,https://www.padmapper.com/buildings/p881114/apartments-at-133-elmwood-ave-buffalo-ny-14201
90 North Pearl Street,"$900–$1,025","1 Bedroom Apartments · Allen, Buffalo",,https://www.padmapper.com/buildings/p750604/apartments-at-90-n-pearl-st-buffalo-ny-14202
104 Lewis St,$620,"1 Bedroom Apartments · Babcock, Buffalo",,https://www.padmapper.com/buildings/p237990/apartments-at-104-lewis-st-buffalo-ny-14206
30 Sunrise Drive,"$1,250","2 Bedrooms Apartment · Buffalo, NY",,https://www.padmapper.com/buildings/p1307403/apartments-at-30-sunrise-dr-buffalo-ny-14219
Cottage Street Lofts,"$1,495–$1,550","1 Bedroom Apartments · Lakeview, Buffalo",,https://www.padmapper.com/buildings/p724140/cottage-street-lofts-apartments-at-118-cottage-st-buffalo-ny-14201
Days Park Commons,"$1,295–$1,500","2 Bedrooms Apartments · Allen, Buffalo",,https://www.padmapper.com/buildings/p340965/days-park-commons-apartments-at-68-days-park-buffalo-ny-14201
76 Saint James Pl,"$1,700","3 Bedrooms · 1 Bathroom Apartment · Albright, Buffalo",,https://www.padmapper.com/rentals/26650760p/3-bedroom-1-bath-apartment-at-76-saint-james-pl-buffalo-ny-14222
97 Arden Ave,"$1,400","3 Bedrooms · 1 Bathroom Apartment · Kenfield, Buffalo",,https://www.padmapper.com/rentals/26650759p/3-bedroom-1-bath-apartment-at-97-arden-ave-buffalo-ny-14215
Axis 360,"$1,339","1 Bedroom Apartment · LaSalle, Buffalo",,https://www.padmapper.com/buildings/p462446/axis-360-apartments-at-89-lasalle-ave-buffalo-ny-14214
77 Montrose Ave upper,$385,"1 Bedroom Apartment · University, Buffalo",,https://www.padmapper.com/buildings/p526360/apartments-at-montrose-ave-evadene-st-buffalo-ny-14214
Elmwood Village Flat,$700,"2 Bedrooms Apartment · Forest, Buffalo",,https://www.padmapper.com/buildings/p855061/elmwood-village-flat-apartments-at-baynes-st-bird-ave-buffalo-ny-14213
Colvin Gardens Apartments,"$1,095–$1,195","2 Bedrooms Apartments · North Park, Buffalo",,https://www.padmapper.com/buildings/p480464/colvin-gardens-apartments-at-601-colvin-ave-buffalo-ny-14216
905 Delaware Apartments,"$1,425–$1,725","2 Bedrooms Apartments · Bryant, Buffalo",,https://www.padmapper.com/buildings/p38635/905-delaware-apartments-at-905-delaware-ave-buffalo-ny-14209
"Vibrant Elmwood Village Living: 1008 Elmwood Ave. Buffalo, NY 14222","$1,525","2 Bedrooms Apartment · Forest, Buffalo",,https://www.padmapper.com/buildings/p1000203/vibrant-elmwood-village-living-1008-elmwood-ave-buffalo-ny-14222-apartments-at-1008-elmwood-ave-buffalo-ny-14222
185 York St Unit 1 #1,"$2,100","2 Bedrooms · 2 Bathrooms Apartment · Bryant, Buffalo",,https://www.padmapper.com/rentals/62560826/2-bedroom-2-bath-apartment-at-185-york-st-unit-1-buffalo-ny-14213
2917 Main St,"$1,900","2 Bedrooms · 2 Bathrooms Apartment · Starin Central, Buffalo",,https://www.padmapper.com/rentals/26375155p/2-bedroom-2-bath-apartment-at-2917-main-st-buffalo-ny-14214
District West Lofts on Elmwood: Luxury Apartments in the heart of the Elmwood District,"$2,450–$2,690","2 Bedrooms Apartments · Forest, Buffalo",,https://www.padmapper.com/buildings/p969146/district-west-lofts-on-elmwood-luxury-apartments-in-the-heart-of-the-elmwood-district-at-1020-elmwood-ave-buffalo-ny-14222
46 Macarthur Dr,"$3,000","3 Bedrooms · 2 Bathrooms Apartment · Buffalo, NY",,https://www.padmapper.com/rentals/26646629p/3-bedroom-2-bath-apartment-at-46-macarthur-dr-buffalo-ny-14221
200 Hamburg St #UPPER,"$1,050","2 Bedrooms · 1 Bathroom Apartment · First Ward, Buffalo",,https://www.padmapper.com/rentals/25991629p/2-bedroom-1-bath-apartment-at-200-hamburg-st-buffalo-ny-14204
Bryant Apartments,"$1,350–$1,795","Studio–2 Bedrooms Apartments · Bryant, Buffalo",,https://www.padmapper.com/buildings/p38054/bryant-apartments-at-916-delaware-ave-buffalo-ny-14209
739 Elmwood Ave #2F,"$1,295","1 Bedroom · 1 Bathroom Apartment · Grant Ferry, Buffalo",,https://www.padmapper.com/rentals/26087816p/1-bedroom-1-bath-apartment-at-739-elmwood-ave-buffalo-ny-14222
Black Rock Freight House Lofts,"$1,695–$2,000","2 Bedrooms Apartment · Black Rock, Buffalo",,https://www.padmapper.com/buildings/p1126696/black-rock-freight-house-lofts-apartments-at-68-tonawanda-st-buffalo-ny-14207
17 15th St.,"$1,200–$1,300","3 Bedrooms Apartments · Front Park, Buffalo",,https://www.padmapper.com/buildings/p981916/apartments-at-17-15th-st-buffalo-ny-14213
The Fenton Apartments,"$1,564–$2,711","1–2 Bedrooms Apartments · Delaware - West Ferry, Buffalo",,https://www.padmapper.com/buildings/p1121334/the-fenton-apartments-at-945-w-ferry-st-buffalo-ny-14209
733 West Delavan,"$2,585","2 Bedrooms Apartment · Albright, Buffalo",,https://www.padmapper.com/buildings/p326052/apartments-at-733-w-delavan-ave-buffalo-ny-14222
Elliott Apartments,"$1,495","2 Bedrooms Apartment · Bryant, Buffalo",,https://www.padmapper.com/buildings/p328553/elliott-apartments-at-171-linwood-ave-buffalo-ny-14209
20 Schuele Ave,"$1,000","3 Bedrooms Apartment · Grider, Buffalo",,https://www.padmapper.com/buildings/p1031042/apartments-at-20-schuele-ave-buffalo-ny-14215
100 York Street,"$1,250","2 Bedrooms Apartment · Front Park, Buffalo",,https://www.padmapper.com/buildings/p1133582/apartments-at-100-york-st-buffalo-ny-14213
387 Forest Ave,"$1,600","2 Bedrooms · 1 Bathroom Apartment · Forest, Buffalo",,https://www.padmapper.com/rentals/26642975p/2-bedroom-1-bath-apartment-at-387-forest-ave-buffalo-ny-14213
507 Niagara Apartments,"$1,349–$1,899","1–2 Bedrooms Apartments · Lakeview, Buffalo",,https://www.padmapper.com/buildings/p842504/507-niagara-apartments-at-507-niagara-st-buffalo-ny-14201
Summer Elms,"$2,100","Studio Apartment · Bryant, Buffalo",,https://www.padmapper.com/buildings/p328552/summer-elms-apartments-at-217-summer-st-buffalo-ny-14222
Mayflower Apartments,"$1,150–$1,385","1 Bedroom Apartments · Bryant, Buffalo",,https://www.padmapper.com/buildings/p322505/mayflower-apartments-at-66-summer-st-buffalo-ny-14209
3920 Ridge Lea Rd #C,"$1,350","2 Bedrooms · 1 Bathroom Apartment · Buffalo, NY",,https://www.padmapper.com/rentals/26642755p/2-bedroom-1-bath-apartment-at-3920-ridge-lea-rd-buffalo-ny-14228
38 Goulding Ave,"$1,100","3 Bedrooms · 1 Bathroom Apartment · Hamlin Park, Buffalo",,https://www.padmapper.com/rentals/18255900p/3-bedroom-1-bath-apartment-at-38-goulding-ave-buffalo-ny-14208
155 Colvin Ave,"$1,700","3 Bedrooms · 1 Bathroom Apartment · North Park, Buffalo",,https://www.padmapper.com/rentals/4036594p/3-bedroom-1-bath-apartment-at-155-colvin-ave-buffalo-ny-14216
Windsong Place Apartments,"$1,496–$2,486","1–3 Bedrooms Apartments · Buffalo, NY",,https://www.padmapper.com/buildings/p573/windsong-place-apartments-at-25-spring-meadow-dr-buffalo-ny-14221
5 Rugby Road,$975,"Studio Apartment · North Park, Buffalo",,https://www.padmapper.com/buildings/p1414780/apartments-at-5-rugby-rd-buffalo-ny-14216
36 Fairfield Street,"$1,600","3 Bedrooms Apartment · Starin Central, Buffalo",,https://www.padmapper.com/buildings/1662289/apartments-at-36-buffalo-ny-14214
Crescendo Loft Apartments,"$1,460–$2,249","1–2 Bedrooms Apartments · Forest, Buffalo",,https://www.padmapper.com/buildings/p216457/crescendo-loft-apartments-at-1502-niagara-st-buffalo-ny-14213
86 Hawley Street,"$1,250","3 Bedrooms Apartment · Forest, Buffalo",,https://www.padmapper.com/buildings/p1262362/apartments-at-86-hawley-st-buffalo-ny-14213
132 Lakefront Blvd Unit 105 #105,"$2,885","2 Bedrooms · 2 Bathrooms Apartment · Waterfront, Buffalo",,https://www.padmapper.com/rentals/25321365p/2-bedroom-2-bath-apartment-at-132-lakefront-blvd-unit-105-buffalo-ny-14202
71 Minnesota Ave,"$1,400","3 Bedrooms · 1 Bathroom Apartment · LaSalle, Buffalo",,https://www.padmapper.com/rentals/23902238p/3-bedroom-1-bath-apartment-at-71-minnesota-ave-buffalo-ny-14214
1317 Mckinley Pkwy,"$2,000","4 Bedrooms · 1 Bathroom Apartment · Buffalo, NY",,https://www.padmapper.com/rentals/26637288p/4-bedroom-1-bath-apartment-at-1317-mckinley-pkwy-buffalo-ny-14218
Delaware Ave Apartments,"$1,125","1 Bedroom Apartment · Park Meadow, Buffalo",,https://www.padmapper.com/buildings/p1285413/delaware-ave-apartments-at-1998-delaware-ave-buffalo-ny-14216
50 Edson St #2,$975,"3 Bedrooms · 1 Bathroom Apartment · Cazenovia Park, Buffalo",,https://www.padmapper.com/rentals/26638812p/3-bedroom-1-bath-apartment-at-50-edson-st-buffalo-ny-14210
346 Connecticut Street,"$1,195","1 Bedroom Apartment · Front Park, Buffalo",,https://www.padmapper.com/buildings/p1133581/apartments-at-346-connecticut-st-buffalo-ny-14213
DelNord,"$1,485–$1,650","1 Bedroom Apartments · Delaware - West Ferry, Buffalo",,https://www.padmapper.com/buildings/p321609/delnord-apartments-at-1149-delaware-ave-buffalo-ny-14209
Annex Apartments,"$1,814–$2,692","1–2 Bedrooms Apartments · Bryant, Buffalo",,https://www.padmapper.com/buildings/p1223161/annex-apartments-at-245-bryant-st-buffalo-ny-14222
400 Linwood Avenue,"$1,300–$1,375","1–2 Bedrooms Apartments · Delaware - West Ferry, Buffalo",,https://www.padmapper.com/buildings/p769365/apartments-at-400-linwood-ave-buffalo-ny-14209
Now Leasing,"$1,255","1 Bedroom Apartment · Allen, Buffalo",,https://www.padmapper.com/buildings/p846236/now-leasing-apartments-at-26-irving-pl-buffalo-ny-14201
Angle-Tyler Apartments,"$1,175–$1,295","2 Bedrooms Apartments · University, Buffalo",,https://www.padmapper.com/buildings/p1311297/angle-tyler-apartments-at-2-angle-st-buffalo-ny-14214
166 Crowley Avenue,"$1,000","2 Bedrooms Apartment · Riverside Park, Buffalo",,https://www.padmapper.com/buildings/p888264/apartments-at-166-crowley-ave-buffalo-ny-14207
1920 Niagara Street,"$1,199","3 Bedrooms Apartment · Black Rock, Buffalo",,https://www.padmapper.com/buildings/p630107/apartments-at-1920-niagara-st-buffalo-ny-14207
The Elmwood Village Apartments,"$1,750","1 Bedroom Apartment · Delaware - West Ferry, Buffalo",,https://www.padmapper.com/buildings/p328765/the-elmwood-village-apartments-at-715-elmwood-ave-buffalo-ny-14222
248 Dodge Street,"$1,250","1 Bedroom Apartment · Masten Park, Buffalo",,https://www.padmapper.com/buildings/p784533/apartments-at-248-dodge-st-buffalo-ny-14208
107 Herkimer St,"$950–$1,300","2–3 Bedrooms Apartments · Grant Ferry, Buffalo",,https://www.padmapper.com/buildings/p605903/apartments-at-107-herkimer-st-buffalo-ny-14213
Crescent Avenue Apartments,"$1,450","2 Bedrooms Apartment · Parkside, Buffalo",,https://www.padmapper.com/buildings/p1127909/crescent-avenue-apartments-at-196-crescent-ave-buffalo-ny-14214
74 Loepere St,$750,"2 Bedrooms · 1 Bathroom Apartment · Broadway - Fillmore, Buffalo",,https://www.padmapper.com/rentals/16512525p/2-bedroom-1-bath-apartment-at-74-loepere-st-buffalo-ny-14212
Brand New Luxury Apartment Complex in proximity to Buffalo General!,"$1,275–$1,999","Studio–2 Bedrooms Apartments · Masten Park, Buffalo",,https://www.padmapper.com/buildings/p803364/brand-new-luxury-apartment-complex-in-proximity-to-buffalo-general-at-1145-michigan-ave-buffalo-ny-14209
408 408 Hoyt Street unit: Upper #UPPER,"$1,800","3 Bedrooms · 1 Bathroom Apartment · Grant Ferry, Buffalo",,https://www.padmapper.com/rentals/62624071/3-bedroom-1-bath-apartment-at-408-408-hoyt-street-unit-upper-buffalo-ny-14213
215 Allen St #2,"$1,475","3 Bedrooms · 1 Bathroom Apartment · Allen, Buffalo",,https://www.padmapper.com/rentals/26461236p/3-bedroom-1-bath-apartment-at-215-allen-st-buffalo-ny-14201
585 Niagara Street,"$1,000","1 Bedroom Apartment · Front Park, Buffalo",,https://www.padmapper.com/buildings/p276979/apartments-at-585-niagara-st-buffalo-ny-14201
1943 Niagara St #2,"$1,300","3 Bedrooms · 1 Bathroom Apartment · Black Rock, Buffalo",,https://www.padmapper.com/rentals/19956097p/3-bedroom-1-bath-apartment-at-1943-niagara-st-buffalo-ny-14207
550 Busti Ave #1,"$1,600","3 Bedrooms · 2 Bathrooms Apartment · Front Park, Buffalo",,https://www.padmapper.com/rentals/18821311p/3-bedroom-2-bath-apartment-at-550-busti-ave-buffalo-ny-14201
Crescent Garden Apartments,"$1,085–$1,125","1 Bedroom Apartments · Parkside, Buffalo",,https://www.padmapper.com/buildings/p335042/crescent-garden-apartments-at-338-crescent-ave-buffalo-ny-14214
157 Saranac,"$1,695","3 Bedrooms Apartment · North Park, Buffalo",,https://www.padmapper.com/buildings/p511439/apartments-at-157-saranac-ave-buffalo-ny-14216
47 Southampton St,"$1,300","3 Bedrooms Apartment · Masten Park, Buffalo",,https://www.padmapper.com/buildings/p974734/apartments-at-47-southampton-st-buffalo-ny-14209
EB Green Residence,"$1,750–$2,650","1–2 Bedrooms Apartments · Allen, Buffalo",,https://www.padmapper.com/buildings/p321621/eb-green-residence-apartments-at-230-north-st-buffalo-ny-14201
100 Woodward Ave,"$1,275","1 Bedroom · 1 Bathroom Apartment · Delaware Park, Buffalo",,https://www.padmapper.com/rentals/26630095p/1-bedroom-1-bath-apartment-at-100-woodward-ave-buffalo-ny-14214
638 Hertel Ave,"$1,095","1 Bedroom · 1 Bathroom Apartment · Military, Buffalo",,https://www.padmapper.com/rentals/26580707p/1-bedroom-1-bath-apartment-at-638-hertel-ave-buffalo-ny-14207
Amherst Woods Apartments,"$1,025–$1,550","Studio–2 Bedrooms Apartments · Park Meadow, Buffalo",,https://www.padmapper.com/buildings/p328811/amherst-woods-apartments-at-1392-amherst-st-buffalo-ny-14216
553 West Utica Street,"$1,100","2 Bedrooms Apartment · Front Park, Buffalo",,https://www.padmapper.com/buildings/p921229/apartments-at-553-w-utica-st-buffalo-ny-14213
333 Lafayette Ave,"$1,600","2 Bedrooms · 1 Bathroom Apartment · Grant Ferry, Buffalo",,https://www.padmapper.com/rentals/26629143p/2-bedroom-1-bath-apartment-at-333-lafayette-ave-buffalo-ny-14213
144 Cottage St #REAR,"$1,300","2 Bedrooms · 1 Bathroom Apartment · Lakeview, Buffalo",,https://www.padmapper.com/rentals/26129772p/2-bedroom-1-bath-apartment-at-144-cottage-st-buffalo-ny-14201
281 Crestwood Ave,"$1,395","2 Bedrooms · 1 Bathroom Apartment · North Park, Buffalo",,https://www.padmapper.com/rentals/26628546p/2-bedroom-1-bath-apartment-at-281-crestwood-ave-buffalo-ny-14216
4256 North St #2,"$1,200","1 Bedroom · 1 Bathroom Apartment · Buffalo, NY",,https://www.padmapper.com/rentals/26628544p/1-bedroom-1-bath-apartment-at-4256-north-st-buffalo-ny-14219
2099 Niagara St #2,"$1,197","2 Bedrooms · 1 Bathroom Apartment · Black Rock, Buffalo",,https://www.padmapper.com/rentals/26295586p/2-bedroom-1-bath-apartment-at-2099-niagara-st-buffalo-ny-14207
269 Whitney Pl #UPPER,"$1,095","2 Bedrooms · 1 Bathroom Apartment · Lakeview, Buffalo",,https://www.padmapper.com/rentals/26238557p/2-bedroom-1-bath-apartment-at-269-whitney-pl-buffalo-ny-14201
1250 Center Road,$995,"2 Bedrooms Apartment · Buffalo, NY",,https://www.padmapper.com/buildings/p1242897/apartments-at-1250-center-rd-buffalo-ny-14224
140 NORTH STREET,"$1,000–$1,200","1 Bedroom Apartment · Allen, Buffalo",,https://www.padmapper.com/buildings/p876553/apartments-at-140-north-st-buffalo-ny-14201
139 Bryant,"$1,695","1 Bedroom Apartment · Bryant, Buffalo",,https://www.padmapper.com/buildings/p327162/apartments-at-139-bryant-st-buffalo-ny-14222
Ellicott Lofts Apartments,"$687–$1,375","2 Bedrooms Apartment · Central Business District, Buffalo",,https://www.padmapper.com/buildings/p377098/ellicott-lofts-apartments-at-489-ellicott-st-buffalo-ny-14203
Brand New Affordable Apartments,"$894–$1,551","Studio–2 Bedrooms Apartments · Broadway - Fillmore, Buffalo",,https://www.padmapper.com/buildings/p1115060/brand-new-affordable-apartments-at-950-broadway-st-buffalo-ny-14212
23 Allen St #304,$995,"Studio · 1 Bathroom Apartment · Allen, Buffalo",,https://www.padmapper.com/rentals/16718027p/studio-1-bath-apartment-at-23-allen-st-buffalo-ny-14202
273 Richmond Avenue,"$1,399–$1,449","1 Bedroom Apartment · Bryant, Buffalo",,https://www.padmapper.com/buildings/p1075922/apartments-at-273-richmond-ave-buffalo-ny-14222
44 Magnolia St,"$1,500","3 Bedrooms · 1 Bathroom Apartment · Buffalo, NY",,https://www.padmapper.com/rentals/26444537p/3-bedroom-1-bath-apartment-at-44-magnolia-st-buffalo-ny-14218
58 Montrose Ave,"$2,500","3 Bedrooms · 1 Bathroom Apartment · University, Buffalo",,https://www.padmapper.com/rentals/26541111p/3-bedroom-1-bath-apartment-at-58-montrose-ave-buffalo-ny-14214
89 Johnson Park Unit 4 #4,"$1,050","1 Bedroom · 1 Bathroom Apartment · Columbus, Buffalo",,https://www.padmapper.com/rentals/25046476p/1-bedroom-1-bath-apartment-at-89-johnson-park-unit-4-buffalo-ny-14201
75 Johnson Park Unit 2 #2,"$1,600","2 Bedrooms · 2 Bathrooms Apartment · Columbus, Buffalo",,https://www.padmapper.com/rentals/23244194p/2-bedroom-2-bath-apartment-at-75-johnson-park-unit-2-buffalo-ny-14201
37 Holland Pl,"$1,500","2 Bedrooms · 1 Bathroom Apartment · Masten Park, Buffalo",,https://www.padmapper.com/rentals/26621698p/2-bedroom-1-bath-apartment-at-37-holland-pl-buffalo-ny-14209
46 Blum Ave,"$1,500","3 Bedrooms · 1 Bathroom Apartment · Military, Buffalo",,https://www.padmapper.com/rentals/26408949p/3-bedroom-1-bath-apartment-at-46-blum-ave-buffalo-ny-14216
244 Virginia St,"$1,600","3 Bedrooms · 1 Bathroom Apartment · Lakeview, Buffalo",,https://www.padmapper.com/rentals/26460093p/3-bedroom-1-bath-apartment-at-244-virginia-st-buffalo-ny-14201
580 Starin,"$1,350","2 Bedrooms Apartment · North Park, Buffalo",,https://www.padmapper.com/buildings/p442065/apartments-at-580-starin-ave-buffalo-ny-14216
325 Box Ave,"$1,000","2 Bedrooms · 1 Bathroom Apartment · MLK Park, Buffalo",,https://www.padmapper.com/rentals/26650754p/2-bedroom-1-bath-apartment-at-325-box-ave-buffalo-ny-14211
93 Baynes St #2,"$2,000","2 Bedrooms · 1 Bathroom Apartment · Grant Ferry, Buffalo",,https://www.padmapper.com/rentals/24947228p/2-bedroom-1-bath-apartment-at-93-baynes-st-buffalo-ny-14213
68 Prospect Ave Unit 3 #3,"$1,195","1 Bedroom · 1 Bathroom Apartment · Columbus, Buffalo",,https://www.padmapper.com/rentals/23791232p/1-bedroom-1-bath-apartment-at-68-prospect-ave-unit-3-buffalo-ny-14201
328 15th St #1,"$1,300","3 Bedrooms · 1 Bathroom Apartment · Front Park, Buffalo",,https://www.padmapper.com/rentals/26609311p/3-bedroom-1-bath-apartment-at-328-15th-st-buffalo-ny-14213
24 Briggs Ave,"$1,325","2 Bedrooms · 1 Bathroom Apartment · Riverside Park, Buffalo",,https://www.padmapper.com/rentals/26595576p/2-bedroom-1-bath-apartment-at-24-briggs-ave-buffalo-ny-14207
63 Oakland Pl #3,"$3,725","3 Bedrooms · 2 Bathrooms Apartment · Bryant, Buffalo",,https://www.padmapper.com/rentals/26621372p/3-bedroom-2-bath-apartment-at-63-oakland-pl-buffalo-ny-14222
4256 North St #1,"$1,400","2 Bedrooms · 1 Bathroom Apartment · Buffalo, NY",,https://www.padmapper.com/rentals/26599055p/2-bedroom-1-bath-apartment-at-4256-north-st-buffalo-ny-14219
15-19 East Utica St,"$1,300","2 Bedrooms Apartment · Masten Park, Buffalo",,https://www.padmapper.com/buildings/p716410/15-19-east-utica-st-apartments-at-19-e-utica-st-buffalo-ny-14209
252 Ontario,$750,"1 Bedroom Apartment · Riverside Park, Buffalo",,https://www.padmapper.com/buildings/p329585/apartments-at-252-ontario-st-buffalo-ny-14207
257 Lafayette Avenue,"$1,350","2 Bedrooms Apartment · Grant Ferry, Buffalo",,https://www.padmapper.com/buildings/p1129968/apartments-at-257-lafayette-ave-buffalo-ny-14213
89 Greencastle Ln,"$3,000","4 Bedrooms · 2 Bathrooms Apartment · Buffalo, NY",,https://www.padmapper.com/rentals/62588171/4-bedroom-2-bath-apartment-at-89-greencastle-ln-buffalo-ny-14221
522 Amherst St #2,"$1,000","1 Bedroom · 1 Bathroom Apartment · Black Rock, Buffalo",,https://www.padmapper.com/rentals/24870911p/1-bedroom-1-bath-apartment-at-522-amherst-st-buffalo-ny-14207
800 W Ferry St #2AA,"$1,700","1 Bedroom · 1 Bathroom Apartment · Delaware - West Ferry, Buffalo",,https://www.padmapper.com/rentals/12918467p/1-bedroom-1-bath-apartment-at-800-w-ferry-st-buffalo-ny-14222
526 Capen Blvd,"$1,900","3 Bedrooms · 1 Bathroom Apartment · Buffalo, NY",,https://www.padmapper.com/rentals/26313143p/3-bedroom-1-bath-apartment-at-526-capen-blvd-buffalo-ny-14226
357 Hoyt St #3FL3,"$1,300","3 Bedrooms · 1 Bathroom Apartment · Forest, Buffalo",,https://www.padmapper.com/rentals/23907581p/3-bedroom-1-bath-apartment-at-357-hoyt-st-buffalo-ny-14213
36 Kamper Ave,"$1,350","3 Bedrooms · 1 Bathroom Apartment · Cazenovia Park, Buffalo",,https://www.padmapper.com/rentals/26602083p/3-bedroom-1-bath-apartment-at-36-kamper-ave-buffalo-ny-14210
467 Fargo Ave #1,$900,"1 Bedroom · 1 Bathroom Apartment · Front Park, Buffalo",,https://www.padmapper.com/rentals/20812484p/1-bedroom-1-bath-apartment-at-467-fargo-ave-buffalo-ny-14213
64 Weyand Ave #1,"$1,300","3 Bedrooms · 1 Bathroom Apartment · Cazenovia Park, Buffalo",,https://www.padmapper.com/rentals/19196093p/3-bedroom-1-bath-apartment-at-64-weyand-ave-buffalo-ny-14210
27 Fargo Ave #1,"$1,300","3 Bedrooms · 1 Bathroom Apartment · Lakeview, Buffalo",,https://www.padmapper.com/rentals/26601681p/3-bedroom-1-bath-apartment-at-27-fargo-ave-buffalo-ny-14201
1357 Millersport Hwy ##8,"$1,395","2 Bedrooms · 1 Bathroom Apartment · Buffalo, NY",,https://www.padmapper.com/rentals/26535285p/2-bedroom-1-bath-apartment-at-1357-millersport-hwy-buffalo-ny-14221
144 Cottage St #LOWER,"$1,275","2 Bedrooms · 1 Bathroom Apartment · Lakeview, Buffalo",,https://www.padmapper.com/rentals/26600864p/2-bedroom-1-bath-apartment-at-144-cottage-st-buffalo-ny-14201
77 Richmond Ave #5,"$1,095","1 Bedroom · 1 Bathroom Apartment · Bryant, Buffalo",,https://www.padmapper.com/rentals/26600207p/1-bedroom-1-bath-apartment-at-77-richmond-ave-buffalo-ny-14222
50 Getzville Rd,"$1,670","2 Bedrooms · 1 Bathroom Apartment · Buffalo, NY",,https://www.padmapper.com/rentals/19207280p/2-bedroom-1-bath-apartment-at-50-getzville-rd-buffalo-ny-14226
39 Halwill Dr,"$2,200","3 Bedrooms · 1 Bathroom Apartment · Buffalo, NY",,https://www.padmapper.com/rentals/9187315p/3-bedroom-1-bath-apartment-at-39-halwill-dr-buffalo-ny-14226
364 Gibson St,$950,"2 Bedrooms · 1 Bathroom Apartment · Broadway - Fillmore, Buffalo",,https://www.padmapper.com/rentals/26599318p/2-bedroom-1-bath-apartment-at-364-gibson-st-buffalo-ny-14212
282 E Delavan Ave Unit N #N,"$1,200","3 Bedrooms · 1 Bathroom Apartment · Hamlin Park, Buffalo",,https://www.padmapper.com/rentals/62578928/3-bedroom-1-bath-apartment-at-282-e-delavan-ave-unit-n-buffalo-ny-14208
7 Robin Rd,"$2,000","3 Bedrooms · 1 Bathroom Apartment · Buffalo, NY",,https://www.padmapper.com/rentals/26521400p/3-bedroom-1-bath-apartment-at-7-robin-rd-buffalo-ny-14228
644 Columbus Pkwy #FL1,"$1,450","4 Bedrooms · 1 Bathroom Apartment · Front Park, Buffalo",,https://www.padmapper.com/rentals/22263952p/4-bedroom-1-bath-apartment-at-644-columbus-pkwy-buffalo-ny-14213
357 Hoyt St #3,"$1,300","3 Bedrooms · 1 Bathroom Apartment · Forest, Buffalo",,https://www.padmapper.com/rentals/23904421p/3-bedroom-1-bath-apartment-at-357-hoyt-st-buffalo-ny-14213
232 Dewitt St #2,"$1,300","3 Bedrooms · 1 Bathroom Apartment · Forest, Buffalo",,https://www.padmapper.com/rentals/26182561p/3-bedroom-1-bath-apartment-at-232-dewitt-st-buffalo-ny-14213
2103 Niagara St #1,"$1,000","2 Bedrooms · 1 Bathroom Apartment · Black Rock, Buffalo",,https://www.padmapper.com/rentals/25975378p/2-bedroom-1-bath-apartment-at-2103-niagara-st-buffalo-ny-14207
177 Garner Ave #1,"$1,100","2 Bedrooms · 1 Bathroom Apartment · Forest, Buffalo",,https://www.padmapper.com/rentals/18557969p/2-bedroom-1-bath-apartment-at-177-garner-ave-buffalo-ny-14213
35 Groton Dr Unit G #G,"$1,800","2 Bedrooms · 1 Bathroom Apartment · Buffalo, NY",,https://www.padmapper.com/rentals/26066414p/2-bedroom-1-bath-apartment-at-35-groton-dr-unit-g-buffalo-ny-14228
1704 Abbott Rd,"$1,000","1 Bedroom · 1 Bathroom Apartment · Buffalo, NY",,https://www.padmapper.com/rentals/26593037p/1-bedroom-1-bath-apartment-at-1704-abbott-rd-buffalo-ny-14218
793 Tifft St,"$1,100","3 Bedrooms · 1 Bathroom Apartment · Triangle, Buffalo",,https://www.padmapper.com/rentals/26593032p/3-bedroom-1-bath-apartment-at-793-tifft-st-buffalo-ny-14220
135 Park St Street,"$1,895","3 Bedrooms · 1 Bathroom Apartment · Lakeview, Buffalo",,https://www.padmapper.com/rentals/62570339/3-bedroom-1-bath-apartment-at-135-park-st-street-buffalo-ny-14201
1589 Center Rd,"$2,500","3 Bedrooms · 2 Bathrooms Apartment · Buffalo, NY",,https://www.padmapper.com/rentals/26592972p/3-bedroom-2-bath-apartment-at-1589-center-rd-buffalo-ny-14224
137 Lockwood Ave #LOWER,"$1,050","2 Bedrooms · 1 Bathroom Apartment · South Park, Buffalo",,https://www.padmapper.com/rentals/26591878p/2-bedroom-1-bath-apartment-at-137-lockwood-ave-buffalo-ny-14220
35 Tomcyn Dr,"$2,350","4 Bedrooms · 1 Bathroom Apartment · Buffalo, NY",,https://www.padmapper.com/rentals/25819883p/4-bedroom-1-bath-apartment-at-35-tomcyn-dr-buffalo-ny-14221
148 Northland Ave #1,"$1,300","3 Bedrooms · 1 Bathroom Apartment · Cold Springs, Buffalo",,https://www.padmapper.com/rentals/26588274p/3-bedroom-1-bath-apartment-at-148-northland-ave-buffalo-ny-14208
148 Northland Ave #2,"$1,300","3 Bedrooms · 1 Bathroom Apartment · Cold Springs, Buffalo",,https://www.padmapper.com/rentals/26588275p/3-bedroom-1-bath-apartment-at-148-northland-ave-buffalo-ny-14208
32 Elmwood Ave #2,"$1,500","3 Bedrooms · 1 Bathroom Apartment · Allen, Buffalo",,https://www.padmapper.com/rentals/11352872p/3-bedroom-1-bath-apartment-at-32-elmwood-ave-buffalo-ny-14201
1080 Elmwood Ave #3,"$1,400","2 Bedrooms · 1 Bathroom Apartment · Forest, Buffalo",,https://www.padmapper.com/rentals/23358256p/2-bedroom-1-bath-apartment-at-1080-elmwood-ave-buffalo-ny-14222
11 Bradenham Pl,"$3,300","4 Bedrooms · 2 Bathrooms Apartment · Buffalo, NY",,https://www.padmapper.com/rentals/62560827/4-bedroom-2-bath-apartment-at-11-bradenham-pl-buffalo-ny-14226
67 Greenfield Street #3,"$1,195","1 Bedroom · 1 Bathroom Apartment · Parkside, Buffalo",,https://www.padmapper.com/rentals/22156465p/1-bedroom-1-bath-apartment-at-67-greenfield-street-buffalo-ny-14214
115 Burke Dr,"$1,400","3 Bedrooms · 1 Bathroom Apartment · Kensington, Buffalo",,https://www.padmapper.com/rentals/26578678p/3-bedroom-1-bath-apartment-at-115-burke-dr-buffalo-ny-14215
89 Trinity Pl #UPPER,"$1,600","2 Bedrooms · 1 Bathroom Apartment · Allen, Buffalo",,https://www.padmapper.com/rentals/26402242p/2-bedroom-1-bath-apartment-at-89-trinity-pl-buffalo-ny-14201
226 Longnecker St,"$1,300","3 Bedrooms · 1 Bathroom Apartment · Lovejoy, Buffalo",,https://www.padmapper.com/rentals/25830201p/3-bedroom-1-bath-apartment-at-226-longnecker-st-buffalo-ny-14206
411 Norwood Ave,"$2,100","2 Bedrooms · 2 Bathrooms Apartment · Grant Ferry, Buffalo",,https://www.padmapper.com/rentals/26493554p/2-bedroom-2-bath-apartment-at-411-norwood-ave-buffalo-ny-14222
142 W Ferry St ##2,"$1,350","3 Bedrooms · 1 Bathroom Apartment · Grant Ferry, Buffalo",,https://www.padmapper.com/rentals/26564217p/3-bedroom-1-bath-apartment-at-142-w-ferry-st-buffalo-ny-14213
1685 Hertel Ave #A304,"$1,800","2 Bedrooms · 2 Bathrooms Apartment · North Park, Buffalo",,https://www.padmapper.com/rentals/26087644p/2-bedroom-2-bath-apartment-at-1685-hertel-ave-buffalo-ny-14216
19 Richfield Ave #1stFL,"$1,495","3 Bedrooms · 1 Bathroom Apartment · Abbott McKinley, Buffalo",,https://www.padmapper.com/rentals/26559787p/3-bedroom-1-bath-apartment-at-19-richfield-ave-buffalo-ny-14220
20 Marion St #4,"$1,250","2 Bedrooms · 1 Bathroom Apartment · Black Rock, Buffalo",,https://www.padmapper.com/rentals/26558004p/2-bedroom-1-bath-apartment-at-20-marion-st-buffalo-ny-14207
20 Marion St #3,"$1,295","2 Bedrooms · 1 Bathroom Apartment · Black Rock, Buffalo",,https://www.padmapper.com/rentals/26558005p/2-bedroom-1-bath-apartment-at-20-marion-st-buffalo-ny-14207
20 Marion St #6,"$1,250","2 Bedrooms · 1 Bathroom Apartment · Black Rock, Buffalo",,https://www.padmapper.com/rentals/26558003p/2-bedroom-1-bath-apartment-at-20-marion-st-buffalo-ny-14207
160 Courtland Ave #2,$925,"2 Bedrooms · 1 Bathroom Apartment · Kenfield, Buffalo",,https://www.padmapper.com/rentals/25920236p/2-bedroom-1-bath-apartment-at-160-courtland-ave-buffalo-ny-14215
98 Rano St #3,"$1,250","3 Bedrooms · 1 Bathroom Apartment · Riverside Park, Buffalo",,https://www.padmapper.com/rentals/26557768p/3-bedroom-1-bath-apartment-at-98-rano-st-buffalo-ny-14207
3952 Ridge Lea Rd #NA,"$1,500","2 Bedrooms · 1 Bathroom Apartment · Buffalo, NY",,https://www.padmapper.com/rentals/26556460p/2-bedroom-1-bath-apartment-at-3952-ridge-lea-rd-buffalo-ny-14228
31 Norwood Ave Apt 1 #1,"$1,995","2 Bedrooms · 2 Bathrooms Apartment · Bryant, Buffalo",,https://www.padmapper.com/rentals/26548084p/2-bedroom-2-bath-apartment-at-31-norwood-ave-apt-1-buffalo-ny-14222
378 Florida St,"$1,700","3 Bedrooms · 1 Bathroom Apartment · Hamlin Park, Buffalo",,https://www.padmapper.com/rentals/24742275p/3-bedroom-1-bath-apartment-at-378-florida-st-buffalo-ny-14208
179 Florida St #UPPER,"$1,300","3 Bedrooms · 1 Bathroom Apartment · Hamlin Park, Buffalo",,https://www.padmapper.com/rentals/26540443p/3-bedroom-1-bath-apartment-at-179-florida-st-buffalo-ny-14208
123 Gibson St,"$1,200","3 Bedrooms · 1 Bathroom Apartment · Broadway - Fillmore, Buffalo",,https://www.padmapper.com/rentals/26544600p/3-bedroom-1-bath-apartment-at-123-gibson-st-buffalo-ny-14212
173 173 Grote Street unit: Upper #UPPER,"$1,200","2 Bedrooms · 1 Bathroom Apartment · Riverside Park, Buffalo",,https://www.padmapper.com/rentals/26544599p/2-bedroom-1-bath-apartment-at-173-173-grote-street-unit-upper-buffalo-ny-14207
40 Krakow St #2,"$1,095","3 Bedrooms · 1 Bathroom Apartment · Kaisertown, Buffalo",,https://www.padmapper.com/rentals/9719560p/3-bedroom-1-bath-apartment-at-40-krakow-st-buffalo-ny-14206
36 Hirschbeck St,"$1,025","2 Bedrooms · 1 Bathroom Apartment · Emerson, Buffalo",,https://www.padmapper.com/rentals/62508185/2-bedroom-1-bath-apartment-at-36-hirschbeck-st-buffalo-ny-14212
118 Rother Ave ##Rear,"$1,125","2 Bedrooms · 1 Bathroom Apartment · Broadway - Fillmore, Buffalo",,https://www.padmapper.com/rentals/62508181/2-bedroom-1-bath-apartment-at-118-rother-ave-buffalo-ny-14212
352 Auburn Ave Apt 1 #1,"$1,350","3 Bedrooms · 1 Bathroom Apartment · Grant Ferry, Buffalo",,https://www.padmapper.com/rentals/15452546p/3-bedroom-1-bath-apartment-at-352-auburn-ave-apt-1-buffalo-ny-14213
26 Custer St #2BACK,"$1,300","2 Bedrooms · 1 Bathroom Apartment · LaSalle, Buffalo",,https://www.padmapper.com/rentals/23154184p/2-bedroom-1-bath-apartment-at-26-custer-st-buffalo-ny-14214
367 Connecticut St #2,"$2,800","2 Bedrooms · 2 Bathrooms Apartment · Front Park, Buffalo",,https://www.padmapper.com/rentals/26448607p/2-bedroom-2-bath-apartment-at-367-connecticut-st-buffalo-ny-14213
44 Hammerschmidt Ave #UPPER,$800,"1 Bedroom · 1 Bathroom Apartment · Seneca, Buffalo",,https://www.padmapper.com/rentals/15270698p/1-bedroom-1-bath-apartment-at-44-hammerschmidt-ave-buffalo-ny-14210
128 Rhode Island St #1,"$1,000","2 Bedrooms · 1 Bathroom Apartment · Front Park, Buffalo",,https://www.padmapper.com/rentals/21337016p/2-bedroom-1-bath-apartment-at-128-rhode-island-st-buffalo-ny-14213
26 Custer St #2,"$1,300","2 Bedrooms · 1 Bathroom Apartment · LaSalle, Buffalo",,https://www.padmapper.com/rentals/23323018p/2-bedroom-1-bath-apartment-at-26-custer-st-buffalo-ny-14214
162 Harvard Pl,"$1,300","2 Bedrooms · 1 Bathroom Apartment · Delaware - West Ferry, Buffalo",,https://www.padmapper.com/rentals/19140769p/2-bedroom-1-bath-apartment-at-162-harvard-pl-buffalo-ny-14209
801 West Ave,"$1,300","2 Bedrooms · 1 Bathroom Apartment · Front Park, Buffalo",,https://www.padmapper.com/rentals/26444535p/2-bedroom-1-bath-apartment-at-801-west-ave-buffalo-ny-14213
114 Commonwealth Ave #UPPER,"$1,650","3 Bedrooms · 1 Bathroom Apartment · North Park, Buffalo",,https://www.padmapper.com/rentals/26533836p/3-bedroom-1-bath-apartment-at-114-commonwealth-ave-buffalo-ny-14216
460 Prospect Ave,"$2,385","3 Bedrooms · 1 Bathroom Apartment · Front Park, Buffalo",,https://www.padmapper.com/rentals/26528935p/3-bedroom-1-bath-apartment-at-460-prospect-ave-buffalo-ny-14201
25 Ullman St #2,"$1,300","3 Bedrooms · 1 Bathroom Apartment · Riverside Park, Buffalo",,https://www.padmapper.com/rentals/25272888p/3-bedroom-1-bath-apartment-at-25-ullman-st-buffalo-ny-14207
175 Freund St,"$1,000","2 Bedrooms · 1 Bathroom Apartment · Schiller Park, Buffalo",,https://www.padmapper.com/rentals/25474014p/2-bedroom-1-bath-apartment-at-175-freund-st-buffalo-ny-14215
20 South St #2,"$2,400","2 Bedrooms · 1 Bathroom Apartment · First Ward, Buffalo",,https://www.padmapper.com/rentals/26514483p/2-bedroom-1-bath-apartment-at-20-south-st-buffalo-ny-14204
236 Bryant St,"$3,000","4 Bedrooms · 3 Bathrooms Apartment · Bryant, Buffalo",,https://www.padmapper.com/rentals/8337075p/4-bedroom-3-bath-apartment-at-236-bryant-st-buffalo-ny-14222
359 S Ogden St #UPPER,"$1,250","2 Bedrooms · 1 Bathroom Apartment · Kaisertown, Buffalo",,https://www.padmapper.com/rentals/20373975p/2-bedroom-1-bath-apartment-at-359-s-ogden-st-buffalo-ny-14206
54 Anderson Pl #3,"$1,000","2 Bedrooms · 1 Bathroom Apartment · Front Park, Buffalo",,https://www.padmapper.com/rentals/26507042p/2-bedroom-1-bath-apartment-at-54-anderson-pl-buffalo-ny-14222
245 Adams St #UPPER,"$1,095","3 Bedrooms · 1 Bathroom Apartment · Emslie, Buffalo",,https://www.padmapper.com/rentals/26502143p/3-bedroom-1-bath-apartment-at-245-adams-st-buffalo-ny-14206
2403 Niagara St,"$1,800","2 Bedrooms · 1 Bathroom Apartment · Riverside Park, Buffalo",,https://www.padmapper.com/rentals/26444534p/2-bedroom-1-bath-apartment-at-2403-niagara-st-buffalo-ny-14207
150 Ontario St,"$1,300","3 Bedrooms · 1 Bathroom Apartment · Riverside Park, Buffalo",,https://www.padmapper.com/rentals/26498983p/3-bedroom-1-bath-apartment-at-150-ontario-st-buffalo-ny-14207
18 Barone Cir,"$1,500","3 Bedrooms · 1 Bathroom Apartment · Buffalo, NY",,https://www.padmapper.com/rentals/25936402p/3-bedroom-1-bath-apartment-at-18-barone-cir-buffalo-ny-14225
246 Whitney Pl,"$1,000","2 Bedrooms · 1 Bathroom Apartment · Lakeview, Buffalo",,https://www.padmapper.com/rentals/23545754p/2-bedroom-1-bath-apartment-at-246-whitney-pl-buffalo-ny-14201
871 Delaware Ave #15,"$1,295","1 Bedroom · 1 Bathroom Apartment · Bryant, Buffalo",,https://www.padmapper.com/rentals/26332375p/1-bedroom-1-bath-apartment-at-871-delaware-ave-buffalo-ny-14209
28 Ayrault Dr,"$1,400","3 Bedrooms · 1 Bathroom Apartment · Buffalo, NY",,https://www.padmapper.com/rentals/26478279p/3-bedroom-1-bath-apartment-at-28-ayrault-dr-buffalo-ny-14228
